CEO Name,Company,GVKEY,EXECID,YEAR,input_company_name
Robert E. Switz,ADC TELECOMMUNICATIONS INC,1013,10203,2007,adc telecommunications
Gerard J. Arpey,AMERICAN AIRLINES GROUP INC,1045,14591,2007,american airlines group
William Joseph Post,PINNACLE WEST CAPITAL CORP,1075,10739,2007,pinnacle west capital
"Miles D. White, M.B.A.",ABBOTT LABORATORIES,1078,14300,2007,abbott laboratories
Hector de Jesus Ruiz,ADVANCED MICRO DEVICES,1161,20918,2007,advanced micro devices
Ronald Allan Williams,AETNA INC,1177,14660,2007,aetna inc
"John P. Jones, III",AIR PRODUCTS & CHEMICALS INC,1209,12121,2007,air products & chemicals
William S. Ayer,ALASKA AIR GROUP INC,1230,14871,2007,alaska air group
Paul J. Evanson,ALLEGHENY ENERGY INC,1279,5899,2007,allegheny energy
David M. Cote,HONEYWELL INTERNATIONAL INC,1300,20931,2007,honeywell international
Scott T. Ford,ALLTEL CORP,1318,12422,2007,alltel corp
David J. Aldrich,SKYWORKS SOLUTIONS INC,1327,17260,2007,skyworks solutions
Alain Juan Pablo Belda,ALCOA INC,1356,1510,2007,alcoa inc
John B. Hess,HESS CORP,1380,2132,2007,hess corp
Norman H. Wesley,BEAM INC,1408,18590,2007, beam inc
Michael G. Morris,AMERICAN ELECTRIC POWER CO,1440,5366,2007,american electric power
Kenneth I. Chenault,AMERICAN EXPRESS CO,1447,2157,2007,american express
Daniel Paul Amos,AFLAC INC,1449,13,2007,aflac inc
Robert Alan Essner,WYETH,1478,14543,2007,wyeth
Martin John Sullivan,AMERICAN INTERNATIONAL GROUP,1487,26441,2007,american international group
Frederic M. Poses,TRANE INC,1567,1768,2007,trane inc
Frank S. Hermance,AMETEK INC,1598,4252,2007,ametek inc
Kevin W. Sharer,AMGEN INC,1602,1542,2007,amgen inc
Jerald G. Fishman,ANALOG DEVICES,1632,3976,2007,analog devices
Eugene M. Isenberg,NABORS INDUSTRIES LTD,1661,4037,2007,nabors industries
"August A. Busch, IV",ANHEUSER-BUSCH COS INC,1663,23054,2007,anheuser-buschs
G. Steven Farris,APACHE CORP,1678,3994,2007,apache corp
Steven P. Jobs,APPLE INC,1690,14302,2007,apple inc
Michael R. Splinter,APPLIED MATERIALS INC,1704,25876,2007,applied materials
Patricia A. Woertz,ARCHER-DANIELS-MIDLAND CO,1722,24742,2007,archer-daniels-midland
James J. OBrien,ASHLAND GLOBAL HOLDINGS INC,1794,20400,2007,ashland global holdings
"John William Somerhalder, II",SOUTHERN CO GAS,1837,12438,2007,southern gas
Carl Bass,AUTODESK INC,1878,24798,2007,autodesk inc
Gary C. Butler,AUTOMATIC DATA PROCESSING,1891,2385,2007,automatic data processing
Dean A. Scarborough,AVERY DENNISON CORP,1913,18509,2007,avery dennison
Andrea Jung,AVON PRODUCTS,1920,14570,2007,avon products
Chadwick C. Deaton,BAKER HUGHES INC,1976,24905,2007,baker hughes
Roy David Hoover,BALL CORP,1988,10850,2007,ball corp
"Mayo A. Shattuck, III",CONSTELLATION ENERGY GRP INC,1995,6462,2007,constellation energy grp
Robert P. Kelly,BANK OF NEW YORK MELLON CORP,2019,24419,2007,bank of new york mellon
Timothy M. Ring,BARD (C.R.) INC,2044,10441,2007,bard (c.r.) inc
"Robert L. Parkinson, Jr.",BAXTER INTERNATIONAL INC,2086,14299,2007,baxter international
Edward J. Ludwig,BECTON DICKINSON & CO,2111,10110,2007,becton dickinson &
Ivan G. Seidenberg,VERIZON COMMUNICATIONS INC,2136,1131,2007,verizonmmunications
Jeffrey H. Curler,BEMIS CO INC,2154,2539,2007,bemis co inc
Warren E. Buffett,BERKSHIRE HATHAWAY,2176,125,2007,berkshire hathaway
Bradbury H. Anderson,BEST BUY CO INC,2184,6175,2007,best buy
Jeffrey R. Binder,BIOMET INC,2230,32128,2007,biomet inc
Nolan D. Archibald,BLACK & DECKER CORP,2255,134,2007,black & decker
Mark A. Ernst,BLOCK H & R INC,2269,17274,2007,block h & r
Daniel W. Rabun,VALARIS PLC,2270,31080,2007,valaris plc
"W. James McNerney, Jr.",BOEING CO,2285,23288,2007,boeing
Sammy K. Duncan,OFFICEMAX INC,2290,15349,2007,officemax inc
"Harold Max Messmer, Jr.",ROBERT HALF INTL INC,2312,12308,2007,robert half intl
James Milton Cornelius,BRISTOL-MYERS SQUIBB CO,2403,2774,2007,bristol-myers squibb
Paul C. Varga,BROWN FORMAN CORP,2435,27109,2007,brown forman
Dustan E. McCoy,BRUNSWICK CORP,2444,14479,2007,brunswick corp
Matthew K. Rose,BURLINGTON NORTHERN SANTA FE,2490,16288,2007,burlington northern santa fe
Joseph W. McGrath,UNISYS CORP,2504,18654,2007,unisys corp
H. Edward Hanway,CIGNA CORP,2547,10499,2007,cigna corp
Michael Jon Ward,CSX CORP,2574,23192,2007,csx corp
Douglas R. Conant,CAMPBELL SOUP CO,2663,12560,2007,campbell soup
"Robert S. Sands, II",CONSTELLATION BRANDS,2710,13570,2007,constellation brands
Ronal Kerry Clark,CARDINAL HEALTH INC,2751,20200,2007,cardinal health
Robert B. McGehee,PROGRESS ENERGY INC,2783,16729,2007,progress energy
James W. Owens,CATERPILLAR INC,2817,10422,2007,caterpillar inc
Timothy R. Eller,CENTEX CORP,2845,3852,2007,centex corp
"Glen F. Post, III",CENTURYLINK INC,2884,190,2007,centurylink inc
James Dimon,JPMORGAN CHASE & CO,2968,3766,2007,jpmorgan chase 
David J. O'Reilly,CHEVRON CORP,2991,14687,2007,chevron corp
John Daniel Finnegan,CHUBB CORP,3024,21503,2007,chubb corp
James R. Craigie,CHURCH & DWIGHT INC,3026,28032,2007,church & dwight
Philip J. Schoonover,CIRCUIT CITY STORES INC,3054,24785,2007,circuit city stores
Scott D. Farmer,CINTAS CORP,3062,15654,2007,cintas corp
Mark Pitman Mays,IHEARTMEDIA INC,3105,12529,2007,iheartmedia inc
Joseph A. Carrabba,CLEVELAND-CLIFFS INC,3107,30339,2007,cleveland-cliffs
Donald R. Knauss,CLOROX CO/DE,3121,32795,2007,clorox co/de
Edward Neville Isdell,COCA-COLA CO,3144,2047,2007,coca-cola
Reuben Mark,COLGATE-PALMOLIVE CO,3170,229,2007,colgate-palmolive
Gregory C. Case,AON PLC,3221,29734,2007,aon plc
Brian L. Roberts,COMCAST CORP,3226,233,2007,comcast corp
"Ralph W. Babb, Jr.",COMERICA INC,3231,5070,2007,comerica inc
"Charles Prince, III",CITIGROUP INC,3243,24398,2007,citigroup inc
John A. C. Swainson,CA INC,3310,28519,2007,ca inc
Michael W. Laphen,DXC TECHNOLOGY CO,3336,23465,2007,dxc technology
Gary M. Rodkin,CONAGRA BRANDS INC,3362,24486,2007,conagra brands
Kevin G. Burke,CONSOLIDATED EDISON INC,3413,21287,2007,consolidated edison
David W. Joos,CMS ENERGY CORP,3439,13125,2007,cms energy
Kirk S. Hachigian,COOPER INDUSTRIES PLC,3497,24438,2007,cooper industries plc
A. Thomas Bender,COOPER COS INC (THE),3504,14292,2007,coopers cos inc
"W. Leo Kiely, III",MOLSON COORS BEVERAGE CO,3505,2140,2007,molsonors beverage
Wendell P. Weeks,CORNING INC,3532,18411,2007,corning inc
Angelo Robert Mozilo,COUNTRYWIDE FINANCIAL CORP,3555,9209,2007,countrywide financial
Theodore M. Solso,CUMMINS INC,3650,2205,2007,cummins inc
"H. Lawrence Culp, Jr.",DANAHER CORP,3735,13127,2007,danaher corp
Robert J. Ulrich,TARGET CORP,3813,2235,2007,target corp
Robert W. Lane,DEERE & CO,3835,20675,2007,deere 
Gerald Grinstein,DELTA AIR LINES INC,3851,158,2007,delta air lines
"Anthony F. Earley, Jr.",DTE ENERGY CO,3897,1298,2007,dte energy
Daniel M. Hamburger,ADTALEM GLOBAL EDUCATION INC,3905,25735,2007,adtalem global education
"William T. Dillard, II",DILLARDS INC  -CL A,3964,2332,2007,dillards  inc
Robert A. Iger,DISNEY (WALT) CO,3980,1557,2007,disney (walt)
David L. Bere,DOLLAR GENERAL CORP,4016,27416,2007,dollar general
"Thomas F. Farrell, II",DOMINION ENERGY INC,4029,16386,2007,dominion energy
"Thomas J. Quinlan, III",DONNELLEY (R R) & SONS CO,4040,28147,2007,donnelley (r r) & sons
Ronald L. Hoffman,DOVER CORP,4058,24420,2007,dover corp
"Andrew N. Liveris, A.O., AO",DUPONT DE NEMOURS INC,4060,26094,2007,dupont de nemours
John D. Wren,OMNICOM GROUP,4066,6099,2007,omnicom group
"Charles O. Holliday, Jr.",DU PONT (E I) DE NEMOURS,4087,12571,2007,du pont (e i) de nemours
"James E. Rogers, Jr.",DUKE ENERGY CORP,4093,784,2007,duke energy
Steven W. Alesio,DUN & BRADSTREET CORP,4094,23422,2007,dun & bradstreet
Lewis Mark Kling,FLOWSERVE CORP,4108,21241,2007,flowserve corp
Gregory L. Summe,PERKINELMER INC,4145,16771,2007,perkinelmer inc
Antonio M. Perez,EASTMAN KODAK CO,4194,17977,2007,eastman kodak
Alexander M. Cutler,EATON CORP PLC,4199,2361,2007,eaton plc
"Douglas M. Baker, Jr.",ECOLAB INC,4213,23269,2007,ecolab inc
Douglas L. Foshee,EL PASO CORP,4242,19778,2007,el paso
David N. Farr,EMERSON ELECTRIC CO,4321,20396,2007,emerson electric
"Bernard J. Duroc-Danner, Ph.D.",WEATHERFORD INTL PLC,4367,15507,2007,weatherford intl plc
Robert W. Best,ATMOS ENERGY CORP,4383,3774,2007,atmos energy
Richard F. Smith,EQUIFAX INC,4423,29414,2007,equifax inc
Murry Steven Gerber,EQT CORP,4430,21318,2007,eqt corp
Peter J. Rose,EXPEDITORS INTL WASH INC,4494,11440,2007,expeditors intl wash
Rex W. Tillerson,EXXON MOBIL CORP,4503,26689,2007,exxon mobil
William Gerald Walter,FMC CORP,4510,20951,2007,fmc corp
"Lewis Hay, III",NEXTERA ENERGY INC,4517,14029,2007,nextera energy
Howard R. Levine,FAMILY DOLLAR STORES,4560,13992,2007,family dollar stores
Frederick W. Smith,FEDEX CORP,4598,341,2007,fedex corp
Daniel H. Mudd,FEDERAL NATIONAL MORTGA ASSN,4601,21631,2007,federal national mortga assn
"Donald C. Wood, CPA",FEDERAL REALTY INVESTMENT TR,4605,33048,2007,federal realty investment tr
Terry J. Lundgren,MACY'S INC,4611,14904,2007,macy's inc
Kevin T. Kabat,FIFTH THIRD BANCORP,4640,14277,2007,fifth third bancorp
C. Dowd Ritter,REGIONS FINANCIAL CORP,4674,9132,2007,regions financial
Robert G. Wilmers,M & T BANK CORP,4699,362,2007,m & t bank
Richard K. Davis,U S BANCORP,4723,12469,2007,u s bancorp
Gerald L. Baker,FIRST HORIZON NATIONAL CORP,4737,27602,2007,first horizon national
G. Kennedy Thompson,WACHOVIA CORP,4739,16355,2007,wachovia
Alan Lee Boeckmann,FLUOR CORP,4818,18101,2007,fluor corp
Alan R. Mulally,FORD MOTOR CO,4839,16436,2007,ford motor
Howard Solomon,FOREST LABORATORIES  -CL A,4843,387,2007,forest laboratories 
"Gregory Eugene Johnson, CPA",FRANKLIN RESOURCES INC,4885,20524,2007,franklin resources
"J. Patrick Gallagher, Jr.",ARTHUR J GALLAGHER & CO,4973,8963,2007,arthur j gallagher &
Craig A. Dubow,TEGNA INC,4988,24463,2007,tegna inc
"Glenn K. Murphy, B.A., BA",GAP INC,4990,32632,2007,gap inc
Nicholas D. Chabraja,GENERAL DYNAMICS CORP,5046,2723,2007,general dynamics
Jeffrey R. Immelt,GENERAL ELECTRIC CO,5047,20859,2007,general electric
Kendall J. Powell,GENERAL MILLS INC,5071,28542,2007,general mills
"G. Richard Wagoner, Jr.",GENERAL MOTORS CO,5073,2767,2007,general motors
Michael H. Jordan,ELECTRONIC DATA SYSTEMS CORP,5074,1503,2007,electronic data systems
Thomas C. Gallagher,GENUINE PARTS CO,5125,1259,2007,genuine parts
Marshall O. Larsen,GOODRICH CORP,5229,12402,2007,goodrich corp
Robert J. Keegan,GOODYEAR TIRE & RUBBER CO,5234,18561,2007,goodyear tire & rubber
Richard Lee Keyser,GRAINGER (W W) INC,5256,2276,2007,grainger (w w)
"David John Lesar, CPA",HALLIBURTON CO,5439,12690,2007,halliburton co
Howard L. Lance,L3HARRIS TECHNOLOGIES INC,5492,23068,2007,l3harris technologies
Alfred Joseph Verrecchia,HASBRO INC,5518,1408,2007,hasbro inc
George L. Chapman,WELLTOWER INC,5543,33059,2007,welltower inc
William R. Johnson,KRAFT HEINZ CO,5568,3847,2007,kraft heinz
"Hans Christian Helmerich, III",HELMERICH & PAYNE,5581,462,2007,helmerich & payne
Craig A. Rogerson,HERCULES INC,5589,23410,2007,hercules inc
Richard H. Lenny,HERSHEY CO,5597,16575,2007,hershey co
Mark Vincent Hurd,HP INC,5606,18929,2007,hp inc
Christopher J. Nassetta,HILTON WORLDWIDE HOLDINGS,5643,31068,2012,hilton worldwide holdings
Matthew P. Clifton,HOLLYFRONTIER CORP,5667,34764,2007,hollyfrontier corp
Francis S. Blake,HOME DEPOT INC,5680,24762,2007,home depot
Jeffrey M. Ettinger,HORMEL FOODS CORP,5709,27334,2007,hormel foods
Frits D. van Paasschen,STARWOOD HOTELS&RESORTS WRLD,5723,29791,2007,starwood hotels&resorts wrld
David M. McClanahan,CENTERPOINT ENERGY INC,5742,10794,2007,centerpoint energy
James Kirk Thompson,HUNT (JB) TRANSPRT SVCS INC,5783,482,2007,hunt (jb) transprt svcs
Thomas E. Hoaglin,HUNTINGTON BANCSHARES,5786,2426,2007,huntington bancshares
Steven R. Loranger,ITT INC,5860,26006,2007,itt inc
David B. Speer,ILLINOIS TOOL WORKS,5878,14539,2007,illinois tool works
Herbert L. Henkel,TRANE TECHNOLOGIES PLC,5959,14373,2007,trane technologies plc
Paul S. Otellini,INTEL CORP,6008,14770,2007,intel corp
Samuel J. Palmisano,INTL BUSINESS MACHINES CORP,6066,16485,2007,intl business machines
Robert M. Amen,INTL FLAVORS & FRAGRANCES,6078,23216,2007,intl flavors & fragrances
Thomas J. Matthews,INTL GAME TECHNOLOGY,6097,16031,2007,intl game technology
John V. Faraci,INTL PAPER CO,6104,23217,2007,intl paper
Michael Isor Roth,INTERPUBLIC GROUP OF COS,6136,20069,2007,interpublic group of cos
Craig L. Martin,JACOBS ENGINEERING GROUP INC,6216,8568,2007,jacobs engineering group
William C. Weldon,JOHNSON & JOHNSON,6266,18551,2007,johnson & johnson
John M. Barth,JOHNSON CONTROLS INTL PLC,6268,1472,2007,johnsonntrols intl plc
Richard P. Wallace,KLA CORP,6304,25626,2007,kla corp
Aylwin B. Lewis,SEARS HOLDINGS CORP,6307,24544,2007,sears holdings
Richard D. Kinder,KINDER MORGAN INC,6310,1547,2007,kinder morgan
Michael R. Haverty,KANSAS CITY SOUTHERN,6335,10904,2007,kansas city southern
William B. Moore,EVERGY INC,6338,19896,2007,evergy inc
Allan Douglas-David MacKay,KELLOGG CO,6375,23139,2007,kellogg co
Thomas J. Falk,KIMBERLY-CLARK CORP,6435,5780,2007,kimberly-clark
David B. Dillon,KROGER CO,6502,2771,2007,kroger co
Abhijit Y. Talwalkar,LSI CORP,6529,29613,2007,lsi corp
Stephen G. Newberry,LAM RESEARCH CORP,6565,18574,2007,lam research
David S. Haffner,LEGGETT & PLATT INC,6649,4967,2007,leggett & platt
Raymond Adams Mason,LEGG MASON INC,6653,9311,2007,legg mason
Stuart A. Miller,LENNAR CORP,6669,10425,2007,lennar corp
Ian M. Cumming,JEFFERIES FINANCIAL GRP INC,6682,549,2007,jefferies financial grp
Sidney Taurel,LILLY (ELI) & CO,6730,2773,2007,lilly (eli)
Leslie H. Wexner,L BRANDS INC,6733,555,2007,l brands inc
Jon Andrew Boscia,LINCOLN NATIONAL CORP,6742,2782,2007,lincoln national
William L. McComb,KATE SPADE & CO,6768,30991,2007,kate spade 
Robert J. Stevens,LOCKHEED MARTIN CORP,6774,20910,2007,lockheed martin
James S. Tisch,LOEWS CORP,6781,993,2007,loews corp
John Howard Pinkerton,RANGE RESOURCES CORP,6788,33712,2007,range resources
Robert Alan Niblock,LOWE'S COS INC,6829,26697,2007,lowe's cos inc
Glen E. Tellock,MANITOWOC CO,6994,19477,2007,manitowoc co
"Clarence P. Cazalot, Jr.",MARATHON OIL CORP,7017,14406,2007,marathon oil
Christopher J. Nassetta,HOST HOTELS & RESORTS INC,7063,31068,2007,host hotels & resorts
Michael Griffin Cherkasky,MARSH & MCLENNAN COS,7065,16317,2007,marsh & mclennans
Mark F. Furlong,MARSHALL & ILSLEY CORP,7067,23111,2007,marshall & ilsley
Timothy Wadhams,MASCO CORP,7085,17656,2007,masco corp
Robert A. Eckert,MATTEL INC,7116,18517,2007,mattel inc
Robert John Lawless,MCCORMICK & CO INC,7146,6020,2007,mccormick & co inc
James A. Skinner,MCDONALD'S CORP,7154,14881,2007,mcdonald's corp
"Harold Whittlesey McGraw, III",S&P GLOBAL INC,7163,1280,2007,s&p global
John H. Hammergren,MCKESSON CORP,7171,13522,2007,mckesson corp
"David B. Snow, Jr.",MEDCO HEALTH SOLUTIONS INC,7186,12761,2007,medco health solutions
"William A. Hawkins, III",MEDTRONIC PLC,7228,25312,2007,medtronic plc
Thomas M. Ryan,CVS HEALTH CORP,7241,13499,2007,cvs health
Richard T. Clark,MERCK & CO,7257,28108,2007,merck & co
Stephen M. Lacy,MEREDITH CORP,7260,17849,2007,meredith corp
Ernest Stanley O'Neal,MERRILL LYNCH & CO INC,7267,14272,2007,merrill lynch 
Steven R. Appleton,MICRON TECHNOLOGY INC,7343,5088,2007,micron technology
J. Wayne Leonard,ENTERGY CORP,7366,3091,2007,entergy corp
"Martin D. Madaus, Ph.D.",MILLIPORE CORP,7409,29299,2007,millipore corp
George W. Buckley,3M CO,7435,16459,2007,3m co
Martin P. Slark,MOLEX INC,7506,15971,2007,molex inc
Edward J. Zander,MOTOROLA SOLUTIONS INC,7585,3309,2007,motorola solutions
Claiborne P. Deming,MURPHY OIL CORP,7620,5134,2007,murphy oil
Robert J. Coury,MYLAN NV,7637,24999,2007,mylan nv
Kenneth D. Lewis,BANK OF AMERICA CORP,7647,3028,2007,bank of america
William R. Nuti,NCR CORP,7648,26171,2007,ncr corp
"Peter E. Raskind, Jr.",NATIONAL CITY CORP,7711,24503,2007,national city corp
Trevor Fetter,TENET HEALTHCARE CORP,7750,11923,2007,tenet healthcare
Brian L. Halla,NATIONAL SEMICONDUCTOR CORP,7772,4995,2007,national semiconductor
Janet L. Robinson,NEW YORK TIMES CO  -CL A,7866,16305,2007,new york times  
Mark D. Ketchum,NEWELL BRANDS INC,7875,25702,2007,newell brands
"Richard T. OBrien, B.A., J.D.",NEWMONT CORP,7881,14677,2007,newmont corp
Russ Martin Strobel,NICOR INC,7904,23247,2007,nicor inc
Mark G. Parker,NIKE INC  -CL B,7906,3048,2007,nike inc
Charles D. Davidson,NOBLE ENERGY INC,7912,14597,2007,noble energy
Blake W. Nordstrom,NORDSTROM INC,7922,16693,2007,nordstrom
"Charles W. Moorman, IV",NORFOLK SOUTHERN CORP,7923,21199,2007,norfolk southern
Charles W. Shivery,EVERSOURCE ENERGY,7970,5700,2007,eversource energy
"Robert C. Skaggs, Jr.",NISOURCE INC,7974,13173,2007,nisource inc
Richard C. Kelly,XCEL ENERGY INC,7977,4729,2007,xcel energy
"William A. Osborn, M.B.A.",NORTHERN TRUST CORP,7982,4228,2007,northern trust
Ronald D. Sugar,NORTHROP GRUMMAN CORP,7985,16364,2007,northrop grumman
Ronald M. DeFeo,TEREX CORP,7991,31033,2007,terex corp
Richard M. Kovacevich,WELLS FARGO & CO,8007,1328,2007,wells fargo 
Daniel R. DiMicco,NUCOR CORP,8030,5896,2007,nucor corp
Ray R. Irani,OCCIDENTAL PETROLEUM CORP,8068,702,2007,occidental petroleum
Anthony J. Alexander,FIRSTENERGY CORP,8099,3342,2007,firstenergy corp
John W. Gibson,ONEOK INC,8151,23533,2007,oneok inc
Albert P. L. Stroucken,O-I GLASS INC,8215,16286,2007,o-i glass
James E. Rohr,PNC FINANCIAL SVCS GROUP INC,8245,1311,2007,pnc financial svcs group
Charles E. Bunch,PPG INDUSTRIES INC,8247,16311,2007,ppg industries
Mark C. Pigott,PACCAR INC,8253,3437,2007,paccar inc
Peter A. Darbee,PG&E CORP,8264,20327,2007,pg&e
Donald E. Felsinger,SEMPRA ENERGY,8272,1998,2007,sempra energy
Eric Krasnoff,PALL CORP,8304,3500,2007,pall corp
Donald E. Washkewicz,PARKER-HANNIFIN CORP,8358,23195,2007,parker-hannifin
Jonathan J. Judge,PAYCHEX INC,8402,28725,2007,paychex inc
"Myron E. Ullman, III",PENNEY (J C) CO,8446,28166,2007,penney (j c)
James H. Miller,PPL CORP,8455,24442,2007,ppl co
"Randall J. Hogan, III",PENTAIR PLC,8463,18547,2007,pentair plc
"Indra K. Nooyi, M.P.P.M.",PEPSICO INC,8479,18812,2007,pepsico inc
Tony L. White,APPLIED BIOSYSTEMS INC,8488,1555,2007,applied biosystems
"Jeffrey B. Kindler, J.D.",PFIZER INC,8530,14882,2007,pfizer inc
John W. Rowe,EXELON CORP,8539,675,2007,exelon corp
"Louis C. Camilleri, BA",ALTRIA GROUP INC,8543,14417,2007,altria group
James J. Mulva,CONOCOPHILLIPS,8549,5960,2007,conocophillips
Emanuel Chirico,PVH CORP,8551,19333,2007,pvh corp
Murray D. Martin,PITNEY BOWES INC,8606,16723,2007,pitney bowes
Dennis R. Wraase,PEPCO HOLDINGS INC,8694,4704,2007,pepco holdings
Mark Donegan,PRECISION CASTPARTS CORP,8717,4714,2007,precision castparts
Alan George Lafley,PROCTER & GAMBLE CO,8762,15843,2007,procter & gamble
"Ralph Izzo, Ph.D.",PUBLIC SERVICE ENTRP GRP INC,8810,28439,2007,public service entrp grp
"Richard J. Dugas, Jr.",PULTEGROUP INC,8823,24550,2007,pultegroup inc
Keith O. Rattie,QUESTAR CORP,8873,23492,2007,questar corp
"Thomas Alan James, Esq., J.D.",RAYMOND JAMES FINANCIAL CORP,8898,8606,2007,raymond james financial
William H. Swanson,RAYTHEON CO,8972,3114,2007,raytheon co
Michael J. Jackson,AUTONATION INC,9063,20766,2007,autonation inc
Keith D. Nosbusch,ROCKWELL AUTOMATION,9203,17969,2007,rockwell automation
Rajiv Lochan Gupta,ROHM AND HAAS CO,9217,14628,2007,rohm and haas
Gary W. Rollins,ROLLINS INC,9225,4889,2007,rollins inc
Michael Balmuth,ROSS STORES INC,9248,7208,2007,ross stores
Daniel F. McNease,ROWAN COMPANIES PLC,9258,3175,2007,rowanmpanies plc
Gregory T. Swienton,RYDER SYSTEM INC,9299,12393,2007,ryder system
Paula G. Rosput Reynolds,SAFECO CORP,9351,27829,2007,safeco corp
Steven A. Burd,SAFEWAY INC,9359,826,2007,safeway inc
Daniel J. Starks,ST JUDE MEDICAL INC,9372,14772,2007,st jude medical
Brenda C. Barnes,HILLSHIRE BRANDS CO,9411,28782,2007,hillshire brands
William B. Timmerman,SCANA CORP,9445,4138,2007,scana corp
Fred Hassan,SCHERING-PLOUGH,9459,2172,2007,schering-plough
"Andrew F. J. Gould, B.A., F.C.A., BA, FCA",SCHLUMBERGER LTD,9465,16308,2007,schlumberger
William V. Hickey,SEALED AIR CORP,9555,4217,2007,sealed air
Christopher M. Connor,SHERWIN-WILLIAMS CO,9667,14331,2007,sherwin-williams
"Jai P. Nagarkatti, Ph.D.",SIGMA-ALDRICH CORP,9699,23291,2007,sigma-aldrich
Paul W. Jones,SMITH (A.O.),9771,11669,2007,smith (a.o.)
Douglas L. Rock,SMITH INTERNATIONAL INC,9772,4311,2007,smith international
Timothy P. Smucker,SMUCKER (JM) CO,9777,4330,2007,smucker (jm)
Jack D. Michaels,SNAP-ON INC,9778,472,2007,snap-on
"Henry L. Meyer, III",KEYCORP,9783,3725,2007,keycorp
John E. Bryson,EDISON INTERNATIONAL,9846,833,2007,edison international
David M. Ratcliffe,SOUTHERN CO,9850,19239,2007,southern co
Gary C. Kelly,SOUTHWEST AIRLINES,9882,19108,2007,southwest airlines
Randall L. Stephenson,AT&T INC,9899,27541,2007,at&t inc
Harold M. Korell,SOUTHWESTERN ENERGY CO,9904,14888,2007,southwestern energy
John F. Lundgren,STANLEY BLACK & DECKER INC,10016,12485,2007,stanley black & decker
Ronald E. Logue,STATE STREET CORP,10035,14316,2007,state street
"Ronald L. Havner, Jr.",PUBLIC STORAGE,10096,26652,2007,public storage
Stephen P. MacMillan,STRYKER CORP,10115,25904,2007,stryker corp
"Charles Elliott Andrews, C.E.",NAVIENT CORP,10121,29627,2007,navient corp
John G. Drosdick,SUNOCO INC,10156,12913,2007,sunoco inc
"James M. Wells, III",SUNTRUST BANKS INC,10187,5291,2007,suntrust banks
Jeffrey Noddle,SUPERVALU INC,10190,3330,2007,supervalu corp
Richard J. Schnieders,SYSCO CORP,10247,13949,2007,sysco corp
Sherrill Wayne Hudson,TECO ENERGY INC,10277,27640,2007,teco energy
Julian C. Day,RS LEGACY CORP,10332,1772,2007,rs legacy
L. Patrick Hassey,ALLEGHENY TECHNOLOGIES INC,10405,16265,2007,allegheny technologies
Jeffrey P. Black,TELEFLEX INC,10407,23463,2007,teleflex inc
Krish A. Prabhu,TELLABS INC,10420,27664,2007,tellabs inc
"Kenneth Michael Jastrow, II",TEMPLE-INLAND INC,10426,3424,2007,temple-inland
Michael A. Bradley,TERADYNE INC,10453,14965,2007,teradyne inc
Bruce A. Smith,ANDEAVOR,10466,33938,2007,andeavor
Richard K. Templeton,TEXAS INSTRUMENTS INC,10499,14274,2007,texas instruments
"Charles John Wilder, Jr.",ENERGY FUTURE HOLDINGS CORP,10507,18930,2007,energy future holdings
Lewis B. Campbell,TEXTRON INC,10519,1561,2007,textron inc
Marijn E. Dekkers,THERMO FISHER SCIENTIFIC INC,10530,21489,2007,thermo fisher scientific
Mark S. McAndrew,GLOBE LIFE INC,10614,16336,2007,globe life inc
Philip W. Tomlinson,TOTAL SYSTEM SERVICES INC,10631,12464,2007,total system services
Dennis J. FitzSimons,TRIBUNE MEDIA CO,10726,5957,2007,tribune media
Edward D. Breen,TYCO INTERNATIONAL PLC,10787,13508,2007,tyco international plc
Richard L. Bond,TYSON FOODS INC  -CL A,10793,6153,2007,tyson foods  
Glenn F. Tilton,UNITED AIRLINES HOLDINGS INC,10795,12643,2007,united airlines holdings
Gary L. Rainwater,AMEREN CORP,10860,16412,2007,ameren corp
James R. Young,UNION PACIFIC CORP,10867,20835,2007,union pacific
Thomas W. Toomey,UDR INC,10894,24862,2007,udr inc
Stephen J. Hemsley,UNITEDHEALTH GROUP INC,10903,16998,2007,unitedhealth group
Michael L. Eskew,UNITED PARCEL SERVICE INC,10920,21067,2007,united parcel service
Murray S. Kessler,UST INC,10974,20959,2007,ust inc
George David,RAYTHEON TECHNOLOGIES CORP,10983,1180,2007,raytheon technologies
Gary D. Forsee,SPRINT CORP,10984,10525,2007,sprint corp
Alan B. Miller,UNIVERSAL HEALTH SVCS INC,11032,8337,2007,universal health svcs
Mackey J. McDonald,VF CORP,11060,1508,2007,vf corp
Timothy E. Guertin,VARIAN MEDICAL SYSTEMS INC,11115,18195,2007,varian medical systems
Steven Roth,VORNADO REALTY TRUST,11220,28686,2007,vornado realty trust
Donald M. James,VULCAN MATERIALS CO,11228,11011,2007,vulcan materials
"H. Lee Scott, Jr.",WALMART INC,11259,15154,2007,walmart inc
Jeffrey A. Rein,WALGREENS BOOTS ALLIANCE INC,11264,24162,2007,walgreens boots alliance
Donald E. Graham,GRAHAM HOLDINGS CO,11300,1018,2007,graham holdings
"Kerrii B. Anderson, CPA, CPA",WENDY'S INTERNATIONAL INC,11366,23137,2007,wendy's international
Arif Shakeel,WESTERN DIGITAL CORP,11399,20185,2007,western digital
"John Anderson Luke, Jr.",MEADWESTVACO CORP,11446,1471,2007,meadwestvaco corp
Steven R. Rogel,WEYERHAEUSER CO,11456,1396,2007,weyerhaeuser
Jeffrey M. Fettig,WHIRLPOOL CORP,11465,14379,2007,whirlpool corp
Steven J. Malcolm,WILLIAMS COS INC,11506,23887,2007,williamss cos inc
Gale E. Klappa,WEC ENERGY GROUP INC,11550,24664,2007,wec energy group
William Douglas Harvey,ALLIANT ENERGY CORP,11554,5256,2007,alliant energy
Larry Lee Weyers,INTEGRYS HOLDING INC,11555,22947,2007,integrys holding
Matthew D. Serra,FOOT LOCKER INC,11584,22257,2007,foot locker inc
William D. Perez,WRIGLEY (WM) JR CO,11609,28545,2007,wrigley (wm) jr
Anne M. Mulcahy,XEROX HOLDINGS CORP,11636,19242,2007,xerox holdings
Carol M. Meyrowitz,TJX COS INC (THE),11672,21481,2007,tjxs cos inc
Harris Henry Simmons,ZIONS BANCORPORATION NA,11687,7587,2007,zions bancorporation na
John F. Prim,HENRY (JACK) & ASSOCIATES,11811,25643,2007,henry (jack) & associates
James Elliot Cayne,BEAR STEARNS COMPANIES INC,11818,114,2007,bear stearnsmpanies
"John A. Allison, IV",TRUIST FINANCIAL CORP,11856,113,2007,truist financial
Ronald W. Hovsepian,NOVELL INC,11910,27456,2007,novell inc
James T. Hackett,ANADARKO PETROLEUM CORP,11923,12580,2007,anadarko petroleum
James C. Day,NOBLE CORP PLC,11925,8997,2007,noble plc
Joseph Michael Tucci,EMC CORP/MA,12053,20887,2007,emc corp/ma
Steven S. Fishman,BIG LOTS INC,12123,29775,2007,big lots
John J. Mack,MORGAN STANLEY,12124,3922,2007,morgan stanley
Jonathan I. Schwartz,SUN MICROSYSTEMS INC,12136,27199,2007,sun microsystems
"James Aloysius-Charles Kennedy, C.F.A., CFA",PRICE (T. ROWE) GROUP,12138,12403,2007,price (t. rowe) group
Steven A. Ballmer,MICROSOFT CORP,12141,2967,2007,microsoft corp
Lawrence J. Ellison,ORACLE CORP,12142,717,2007,oracle corp
Bernd Erich Beetz,COTY INC,12151,50017,2011,coty inc
Charles Carey,DIRECTV,12206,28337,2007,directv
Lothar Maier,LINEAR TECHNOLOGY CORP,12216,6212,2007,linear technology
Henri A. Termeer,GENZYME CORP,12233,419,2007,genzyme corp
Burke W. Whitman,HEALTH MANAGEMENT ASSOC,12338,21801,2007,health management assoc
James L. Ziemer,HARLEY-DAVIDSON INC,12389,4549,2007,harley-davidson
Eugene A. Hall,GARTNER INC,12441,22558,2007,gartner inc
James Lawrence Dolan,ALTICE USA INC,12485,40630,2007,altice usa
Bruce R. Chizen,ADOBE INC,12540,16349,2007,adobe inc
"Jeffery W. Yabuki, B.S., CPA",FISERV INC,12635,23954,2007,fiserv inc
Jeffrey T. Mezger,KB HOME,12689,18244,2007,kb home
Thomas Ros Watjen,UNUM GROUP,12726,6282,2007,unum group
"John Franklin Brock, III",COCA-COLA EUROPEAN PARTNERS,12756,30869,2007,coca-cola european partners
Bernard A. Girod,HARMAN INTERNATIONAL INDS,12788,14309,2007,harman international inds
Neal L. Patterson,CERNER CORP,12850,6625,2007,cerner corp
Andre Dahan,COMVERSE TECHNOLOGY INC,12884,13017,2007,comverse technology
"Keith Rupert Murdoch, AC",TWENTY-FIRST CENTURY FOX INC,12886,30312,2007,twenty-first century fox
Peter McCausland,AIRGAS INC,12950,11839,2007,airgas inc
William Anthony Vernon,KRAFT FOODS GROUP INC,12978,41468,2010,kraft foods group
Michael W. Sutherlin,JOY GLOBAL INC,13003,13201,2007,joy global
Richard E. Anthony,SYNOVUS FINANCIAL CORP,13041,12506,2007,synovus financial
"James F. Flaherty, III, CPA, CPA",HEALTHPEAK PROPERTIES INC,13125,33985,2007,healthpeak properties
Glenn Morris Renwick,PROGRESSIVE CORP-OHIO,13341,12511,2007,progressive-ohio
"Bruce L. Downey, J.D.",BARR PHARMACEUTICALS INC,13365,15878,2007,barr pharmaceuticals
Michael J. Fister,CADENCE DESIGN SYSTEMS INC,13421,27937,2007,cadence design systems
James Q. Crowe,LEVEL 3 COMMUNICATIONS INC,13440,630,2007,level 3mmunications
Micky Meir Arison,CARNIVAL CORPORATION & PLC,13498,174,2007,carnivaloration & plc
Dennis D. Oklak,DUKE REALTY CORP,13510,24489,2007,duke realty
Gary Charles Dunton,MBIA INC,13561,3343,2007,mbia inc
Sol J. Barer,CELGENE CORP,13599,35699,2007,celgene corp
Michael R. Minogue,ABIOMED INC,13619,43706,2007,abiomed inc
Michael J. Kowalski,TIFFANY & CO,13646,5597,2007,tiffany & co
Bret W. Wise,DENTSPLY SIRONA INC,13700,21109,2007,dentsply sirona
"Leslie Moonves, II",VIACOMCBS INC,13714,14541,2007,viacomcbs inc
Juan Ramn Alaix,ZOETIS INC,13721,44952,2012,zoetis inc
Charles Robert Schwab,SCHWAB (CHARLES) CORP,13988,839,2007,schwab (charles)
Willard D. Oberton,FASTENAL CO,14225,14812,2007,fastenal co
John F. Gifford,MAXIM INTEGRATED PRODUCTS,14256,8267,2007,maxim integrated products
"James H. Herbert, II",FIRST REPUBLIC BANK,14275,34934,2009,first republic bank
Martin H. Loeffler,AMPHENOL CORP,14282,34216,2007,amphenol corp
John P. Daane,ALTERA CORP,14324,14808,2007,altera corp
Scott Douglas Sheffield,PIONEER NATURAL RESOURCES CO,14359,736,2007,pioneer natural resources
J. Terrence Lanni,MGM RESORTS INTERNATIONAL,14418,4766,2007,mgm resorts international
Naren K. Gursahaney,ADT CORP,14438,32380,2011,adt corp
David P. Steiner,WASTE MANAGEMENT INC,14477,26530,2007,waste management
Michael S. Dell,DELL TECHNOLOGIES INC,14489,281,2007,dell technologies
Kenneth W. Lowe,EW SCRIPPS  -CL A,14535,21126,2007,ew scripps
Richard C. Adkerson,FREEPORT-MCMORAN INC,14590,1684,2007,freeport-mcmoran
Richard S. Hill,NOVELLUS SYSTEMS INC,14623,3408,2007,novellus systems
Stephen A. Odland,OFFICE DEPOT INC,14624,22758,2007,office depot
Robert E. Beauchamp,BMC SOFTWARE INC,14650,15584,2007,bmc software
"John Jefferson Schiff, Jr., CPCU",CINCINNATI FINANCIAL CORP,14824,1368,2007,cincinnati financial
J. Larry Nichols,DEVON ENERGY CORP,14934,8651,2007,devon energy
David P. King,LABORATORY CP OF AMER HLDGS,14960,29709,2007,laboratory cp of amer hldgs
Richard Francis Syron,FEDERAL HOME LOAN MORTG CORP,15208,19288,2007,federal home loan mortg
William R. Klesse,VALERO ENERGY CORP,15247,5447,2007,valero energy
Terry Lee Burman,SIGNET JEWELERS LTD,15520,42216,2007,signet jewelers
"Ronald L. Sargent, M.B.A.",STAPLES INC,15521,10628,2007,staples inc
David E. I. Pyott,ALLERGAN INC,15708,16461,2007,allergan inc
Rick R. Holley,PLUM CREEK TIMBER CO INC,15709,22941,2007,plum creek timber
John Wendell Thompson,NORTONLIFELOCK INC,15855,19772,2007,nortonlifelock
Richard A. Gonzalez,ABBVIE INC,16101,18569,2010,abbvie inc
Kerry K. Killinger,WASHINGTON MUTUAL INC,16243,1017,2007,washington mutual
John Albert Klein,PEOPLE'S UNITED FINL INC,16245,34773,2007,people's united finl
Mark G. Papa,EOG RESOURCES INC,16478,1440,2007,eog resources
John S. Riccitiello,ELECTRONIC ARTS INC,16721,15533,2007,electronic arts
"Vernon W. Hill, II",COMMERCE BANCORP INC/NJ,16784,17629,2007,commerce bancorp
Kenneth Parmalee Wilcox,SVB FINANCIAL GROUP,17120,15518,2007,svb financial group
Joseph P. Campanelli,SANTANDER HOLDINGS USA INC,17130,21274,2007,santander holdings usa
Thomas H. Pike,IQVIA HOLDINGS INC,17928,51778,2012,iqvia holdings
Robert J. Thomson,NEWS CORP,18043,44957,2013,news corp
Mark Christopher Trudeau,MALLINCKRODT PLC,18086,43816,2013,mallinckrodt plc
C. Richard Harrison,PTC INC,18699,4402,2007,ptc inc
Richard Costolo,TWITTER INC,18872,55347,2012,twitter inc
Ronald S. Nersesian,KEYSIGHT TECHNOLOGIES INC,20232,34854,2011,keysight technologies
Gary William Loveman,CAESARS ENTERTAINMENT CORP,20423,16582,2007,caesars entertainment
Dan O. Dinges,CABOT OIL & GAS CORP,20548,10901,2007,cabot oil & gas
Gareth Roberts,DENBURY RESOURCES INC,20653,28586,2007,denbury resources
Margaret M. Keane,SYNCHRONY FINANCIAL,20686,48391,2013,synchrony financial
Jayshree V. Ullal,ARISTA NETWORKS INC,20748,55474,2013,arista networks
John T. Chambers,CISCO SYSTEMS INC,20779,1417,2007,cisco systems
John W. Cumming,HOLOGIC INC,20904,22966,2007,hologic inc
Ellen R. Alemany,CITIZENS FINANCIAL GROUP INC,21825,48750,2013,citizens financial group
John J. Zillmer,ALLIED WASTE INDUSTRIES INC,22140,23101,2007,allied waste industries
"Jack O. Bovender, Jr.",HCA HEALTHCARE INC,22260,16863,2007,hca healthcare
Willem P. Roelandts,XILINX INC,22325,2526,2007,xilinx inc
Ludwig N. Hantson,BAXALTA INC,22734,40792,2014,baxalta inc
James W. Stewart,BJ SERVICES CO,22794,4101,2007,bj services
"William C. Rhodes, III",AUTOZONE INC,23809,28867,2007,autozone inc
Leonard S. Schleifer,REGENERON PHARMACEUTICALS,23812,9752,2007,regeneron pharmaceuticals
"Robert C. Skaggs, Jr.",COLUMBIA PIPELINE GROUP INC,23827,13173,2014,columbia pipeline group
Dale Brian Wolf,COVENTRY HEALTH CARE INC,23877,15416,2007,coventry health care
Robert L. Bailey,PMC-SIERRA INC,23943,22448,2007,pmc-sierra
"Frank Baldino, Jr.",CEPHALON INC,23945,7608,2007,cephalon inc
"John P. Surma, Jr.",UNITED STATES STEEL CORP,23978,23062,2007,united states steel
Peter Boneparth,JONES GROUP INC,24032,24758,2007,jones group
Jonathan W. Ayers,IDEXX LABS INC,24197,21002,2007,idexx labs
Paul T. Hanrahan,AES CORP (THE),24216,20985,2007,aes corp
Robert John Genader,AMBAC FINANCIAL GROUP INC,24287,13207,2007,ambac financial group
Rodney Cyril Sacks,MONSTER BEVERAGE CORP,24316,28838,2007,monster beverage
Brian Michael O'Hara,XL GROUP LTD,24318,22444,2007,xl group
Joshua S. Boger,VERTEX PHARMACEUTICALS INC,24344,7518,2007,vertex pharmaceuticals
Curt Steven Culver,MGIC INVESTMENT CORP/WI,24379,10623,2007,mgic investment/wi
James C. Mullen,BIOGEN INC,24468,13278,2007,biogen inc
Daniel H. Schulman,PAYPAL HOLDINGS INC,24616,22147,2014,paypal holdings
Milton Cooper,KIMCO REALTY CORP,24731,533,2007,kimco realty
Joseph C. Papa,PERRIGO CO PLC,24782,24736,2007,perrigo plc
Paul E. Jacobs,QUALCOMM INC,24800,22816,2007,qualcomm inc
John C. Martin,GILEAD SCIENCES INC,24856,17643,2007,gilead sciences
John P. Mackey,WHOLE FOODS MARKET INC,24893,7530,2007,whole foods market
Brian D. Jellison,ROPER TECHNOLOGIES INC,24925,14340,2007,roper technologies
Aart J. de Geus,SYNOPSYS INC,24975,14024,2007,synopsys inc
"Richard D. Parsons, Esq., J.D.",TIME WARNER INC,25056,1873,2007,time warner
Jeffrey S. Lorberbaum,MOHAWK INDUSTRIES INC,25119,8449,2007,mohawk industries
Stephen F. Angel,LINDE PLC,25124,23103,2007,linde plc
Henry C. Duques,FIRST DATA CORP,25157,361,2007,first data
James R. Tobin,BOSTON SCIENTIFIC CORP,25279,1160,2007,boston scientific
R. Lawrence Montgomery,KOHL'S CORP,25283,5361,2007,kohl's corp
Steven H. Temares,BED BATH & BEYOND INC,25338,13517,2007,bed bath & beyond
Donald J. Tomnitz,D R HORTON INC,25340,14264,2007,d r horton
George Paz,EXPRESS SCRIPTS HOLDING CO,25356,11797,2007,express scripts holding
James L. Donald,STARBUCKS CORP,25434,25850,2007,starbucks corp
Bruce A. Williamson,DYNEGY INC,25495,24764,2007,dynegy inc
David G. DeWalt,MCAFEE INC,25783,30958,2007,mcafee inc
James W. Wiltz,PATTERSON COS INC,25880,8591,2007,pattersons cos inc
"Peter Karmanos, Jr.",COMPUWARE CORP,26011,241,2007,compuware corp
Barry Diller,IAC/INTERACTIVECORP,26061,795,2007,iac/interactivecorp
Margaret Cushing Whitman,HEWLETT PACKARD ENTERPRISE,26156,5706,2012,hewlett packard enterprise
"Lawrence B. Prior, III",CSRA INC,26304,34058,2013,csra inc
"William Howard Lenehan, IV",FOUR CORNERS PROPERTY TR INC,26410,48411,2015,fourrners property tr
James A. Lico,FORTIVE CORP,26590,31086,2015,fortive corp
Guillermo Novo,VERSUM MATERIALS INC,26709,48327,2015,versum materials
D. Michael Wilson,INGEVITY CORP,27119,12114,2014,ingevity corp
R. Bruce McDonald,ADIENT PLC,27333,30588,2016,adient plc
Scott Alan Wolstein,SITE CENTERS CORP,27780,29720,2007,site centers
Aubrey K. McClendon,CHESAPEAKE ENERGY CORP,27786,29794,2007,chesapeake energy
Mark S. Ordan,QUALITY CARE PROPERTIES INC,27800,36322,2016,quality care properties
Allen Chao,ALLERGAN PLC,27845,8329,2007,allergan plc
Michael B. McCallister,HUMANA INC,27914,14655,2007,humana inc
Stephen M. Bennett,INTUIT INC,27928,20241,2007,intuit inc
Stephen Sanghi,MICROCHIP TECHNOLOGY INC,27965,7634,2007,microchip technology
Evan G. Greenberg,CHUBB LTD,28034,14586,2007,chubb ltd
Erin N. Kane,ADVANSIX INC,28070,50091,2015,advansix
Kosta N. Kartsotis,FOSSIL GROUP INC,28118,17832,2007,fossil group
"John L. Bucksbaum, SCSM",BROOKFIELD PROPERTY REIT,28119,33907,2007,brookfield property reit
Jure Sola,SANMINA CORP,28139,8095,2007,sanmina corp
Gregory L. Henslee,O'REILLY AUTOMOTIVE INC,28180,19277,2007,o'reilly automotive
Richard D. Fain,ROYAL CARIBBEAN CRUISES LTD,28191,46764,2007,royal caribbean cruises
Alain Juan Pablo Belda,HOWMET AEROSPACE INC,28192,1510,2007,howmet aerospace
Timothy L. Main,JABIL INC,28195,17770,2007,jabil inc
Bob R. Simpson,XTO ENERGY INC,28256,9466,2007,xto energy
Robert L. Long,TRANSOCEAN LTD,28338,9601,2007,transocean
"Thomas Joseph Wilson, II",ALLSTATE CORP,28349,10669,2007,allstate corp
"Earl Ray Lewis, III",FLIR SYSTEMS INC,28477,16819,2007,flir systems
Philip L. Francis,PETSMART INC,28648,26822,2007,petsmart inc
David J. Neithercut,EQUITY RESIDENTIAL,28733,21144,2007,equity residential
Timothy M. Manganello,BORGWARNER INC,28742,19392,2007,borgwarner inc
Thomas P. Werner,LAMB WESTON HOLDINGS INC,28790,49931,2015,lamb weston holdings
Robert P. Stiller,KEURIG DR PEPPER INC,28877,34013,2007,keurig dr pepper
"John Willard Marriott, Jr.",MARRIOTT INTL INC,28930,588,2007,marriott intl
Sunny S. Sanyal,VAREX IMAGING CORP,29004,46716,2015,varex imaging
James D. Sinegal,COSTCO WHOLESALE CORP,29028,1486,2007,costco wholesale
"Martin E. Stein, Jr.",REGENCY CENTERS CORP,29099,28670,2007,regency centers
Paul A. Friedman,INCYTE CORP,29127,23532,2007,incyte corp
Glen T. Senk,URBAN OUTFITTERS INC,29150,34360,2007,urban outfitters
T. Alex Vetter,CARS.COM INC,29155,51658,2015,cars.com
David A. Trice,NEWFIELD EXPLORATION CO,29173,16621,2007,newfield exploration
"Kevin J. Kennedy, Ph.D.",VIAVI SOLUTIONS INC,29241,25510,2007,viavi solutions
David E. Simon,SIMON PROPERTY GROUP INC,29389,24716,2007,simon property group
James Brian Ferguson,EASTMAN CHEMICAL CO,29392,21019,2007,eastman chemical
"H. Eric Bolton, Jr.",MID-AMERICA APT CMNTYS INC,29649,30246,2007,mid-america apt cmntys
"Stephen P. Zelnak, Jr.",MARTIN MARIETTA MATERIALS,29733,13778,2007,martin marietta materials
James F. Wright,TRACTOR SUPPLY CO,29736,25034,2007,tractor supply
Mark C. Rohr,ALBEMARLE CORP,29751,18845,2007,albemarle corp
Harshad K. Desai,QLOGIC CORP,29791,17772,2007,qlogic corp
"Martin L. Flanagan, CFA, CPA",INVESCO LTD,29804,4457,2007,invesco ltd
John G. Cox,BIOVERATIV INC,29819,43232,2015,bioverativ inc
James A. Rubright,WESTROCK CO,29830,5863,2007,westrock co
"Arthur M. Coppola, CPA",MACERICH CO,29868,28613,2007,macerich co
Bryce F. Blair,AVALONBAY COMMUNITIES INC,29875,27796,2007,avalonbaymmunities
Willis J. Johnson,COPART INC,29901,17945,2007,copart inc
James L. Wainscott,AK STEEL HOLDING CORP,29968,21310,2007,ak steel holding
Jeffrey Howard Schwartz,PROLOGIS INC,29984,26150,2007,prologis inc
"Richard Severin Fuld, Jr.",LEHMAN BROTHERS HOLDINGS INC,30128,14194,2007,lehman brothers holdings
Howard W. Robin,NEKTAR THERAPEUTICS,30137,48100,2007,nektar therapeutics
Keith R. Guericke,ESSEX PROPERTY TRUST,30293,26552,2007,essex property trust
"Terry Considine, J.D.",APARTMENT INVST & MGMT CO,30490,24516,2007,apartment invst & mgmt
Lynn R. Blodgett,AFFILIATED COMPUTER SERVICES,30697,21016,2007,affiliated computer services
"Thomas A. Lewis, Jr.",REALTY INCOME CORP,30822,33446,2007,realty income
Thierry Pilenko,TECHNIPFMC PLC,30923,28425,2007,technipfmc plc
Richard D. Fairbank,CAPITAL ONE FINANCIAL CORP,30990,14453,2007,capital one financial
Brian E. Mueller,APOLLO EDUCATION GROUP INC,31122,31241,2007,apollo education group
Bobby L. Sasser,DOLLAR TREE INC,31587,19397,2007,dollar tree
R. David Yost,AMERISOURCEBERGEN CORP,31673,20354,2007,amerisourcebergen
Eric Thomas Steigerwalt,BRIGHTHOUSE FINANL INC,31774,43020,2017,brighthouse finanl
Liam Butterworth,DELPHI TECHNOLOGIES PLC,31802,48814,2016,delphi technologies plc
"Clarence Otis, Jr.",DARDEN RESTAURANTS INC,31846,19771,2007,darden restaurants
"Peter C. Farrell, A.M., Ph.D., BE (Hons), ScD, AM",RESMED INC,31887,18079,2007,resmed inc
Lorenzo Simonelli,BAKER HUGHES CO,32106,55154,2017,baker hughes
W. Matthew Kelly,JBG SMITH PPTYS,32154,55158,2017,jbg smith pptys
Sivasankaran Somasundaram,CHAMPIONX CORP,33326,48999,2016,championx corp
John McNamara Curtis,PERSPECTA INC,33439,57278,2018,perspecta inc
James R. Fitterling,DOW INC,34443,44157,2018,dow inc
Lachlan Keith Murdoch,FOX CORP,34636,50022,2016,fox corp
Benjamin J. Shaw,COVETRUS INC,34765,58355,2019,covetrus inc
Scott H. Baxter,KONTOOR BRANDS INC,35035,42687,2018,kontoor brands
"James C. Collins, Jr.",CORTEVA INC,35168,48584,2019,corteva inc
Sheldon R. Erikson,CAMERON INTERNATIONAL CORP,60894,19925,2007,cameron international
Charles W. Ergen,DISH NETWORK CORP,60900,18919,2007,dish network
Albert J. Neupaver,WABTEC CORP,60979,13399,2007,wabtec corp
Nabeel K. Gareeb,SUNEDISON INC,60992,20248,2007,sunedison inc
Joseph Victor Taranto,EVEREST RE GROUP LTD,61388,1877,2007,everest re group
James S. Tisch,DIAMOND OFFSHRE DRILLING INC,61409,993,2007,diamond offshre drilling
Kent J. Thiry,DAVITA INC,61483,7568,2007,davita inc
Edward A. Mueller,QWEST COMMUNICATION INTL INC,61489,20844,2007,qwestmmunication intl
Stanley M. Bergman,HENRY SCHEIN INC,61494,22703,2007,henry schein
Eli Harari,SANDISK CORP,61513,18853,2007,sandisk corp
Paul J. Curlander,LEXMARK INTL INC  -CL A,61552,13595,2007,lexmark intl
William P. Lauder,LAUDER (ESTEE) COS INC -CL A,61567,17879,2007,lauder (estee)
Douglas A. Berthiaume,WATERS CORP,61574,2978,2007,waters corp
Daniel J. Warmenhoven,NETAPP INC,61591,7045,2007,netapp inc
Mark B. Templeton,CITRIX SYSTEMS INC,61676,16171,2007,citrix systems
Ramani Ayer,HARTFORD FINANCIAL SERVICES,61739,12661,2007,hartford financial services
Leonard Bell,ALEXION PHARMACEUTICALS INC,62263,43395,2007,alexion pharmaceuticals
C. Richard Reese,IRON MOUNTAIN INC,62374,26792,2007,iron mountain
Chih-Yuan Yang,ALTABA INC,62634,32860,2007,altaba inc
Gregg L. Engles,DEAN FOODS CO,62655,16050,2007,dean foods
Jay S. Fishman,TRAVELERS COS INC,62689,12698,2007,travelerss cos inc
Steven L. Watson,TITANIUM METALS CORP,62984,34251,2007,titanium metals
"James E. Cashman, III",ANSYS INC,63080,26216,2007,ansys inc
"Mitchell Harris Caplan, J.D.",E TRADE FINANCIAL CORP,63501,20394,2007,e trade financial
Mark C. Miller,STERICYCLE INC,63527,25162,2007,stericycle inc
Michael S. Jeffries,ABERCROMBIE & FITCH  -CL A,63643,15883,2007,abercrombie & fitch 
Peter A. Lankau,ENDO INTERNATIONAL PLC,63645,33731,2007,endo international plc
Joseph Uva,UNIVISION COMMUNICATIONS INC,63669,34103,2007,univision communications
David R. Carlucci,IMS HEALTH HOLDINGS INC,63800,26041,2007,ims health holdings
"Merrill A. Miller, Jr.",NATIONAL OILWELL VARCO INC,63892,20342,2007,national oilwell varco
Salvatore Iannuzzi,MONSTER WORLDWIDE INC,64156,29355,2007,monster worldwide
Surya N. Mohapatra,QUEST DIAGNOSTICS INC,64166,19669,2007,quest diagnostics
Gary B. Smith,CIENA CORP,64356,18355,2007,ciena corp
Thomas Joseph Folliard,CARMAX INC,64410,34299,2007,carmax inc
Benjamin Feder,TAKE-TWO INTERACTIVE SFTWR,64630,32444,2007,take-two interactive sftwr
Jeffrey P. Bezos,AMAZON.COM INC,64768,15055,2007,amazon.com
"Joel S. Marcus, CPA, J.D.",ALEXANDRIA R E EQUITIES INC,64821,32750,2007,alexandria r e equities
Robert A. Bruggeworth,QORVO INC,64853,22024,2007,qorvo inc
Ralph Lauren,RALPH LAUREN CORP,64891,28653,2007,ralph lauren
Edward H. Linde,BOSTON PROPERTIES INC,64925,26154,2007,boston properties
Marc Holliday,SL GREEN REALTY CORP,65290,37591,2007,sl green realty
Malon Wilkus,AMERICAN CAPITAL LTD,65345,34022,2007,american capital
David C. Novak,YUM BRANDS INC,65417,14669,2007,yum brands
John P. Wiehoff,C H ROBINSON WORLDWIDE INC,65609,19034,2007,c h robinson worldwide
"Robert F. Spoerry, M.B.A., MBA",METTLER-TOLEDO INTL INC,65772,17420,2007,mettler-toledo intl
Sean Michael Healey,AFFILIATED MANAGERS GRP INC,65886,32736,2007,affiliated managers grp
Ken P. McDonald,ENVISION HEALTHCARE CORP,65967,26729,2007,envision healthcare
Michael J. Kneeland,UNITED RENTALS INC,66065,26766,2007,united rentals
"William A. Roper, Jr.",VERISIGN INC,66368,33564,2007,verisign inc
John R. Colson,QUANTA SERVICES INC,66446,19687,2007,quanta services
Scott A. McGregor,BROADCOM CORP,66708,29049,2007,broadcom
John Christopher Donahue,FEDERATED HERMES INC,66731,21148,2007,federated hermes
"Ken MacKenzie, B.E., F.A.C.I.D., BEng, BEng., FIEA",AMCOR PLC,100243,57336,2007,amcor plc
David L. Calhoun,NIELSEN HOLDINGS PLC,100873,45058,2007,nielsen holdings plc
Kevin M. Sheehan,NORWEGIAN CRUISE LINE HLDGS,104432,24595,2009,norwegian cruise line hldgs
"James D. Taiclet, Jr.",AMERICAN TOWER CORP,105365,32778,2007,american tower
Debra A. Cafaro,VENTAS INC,110179,36129,2007,ventas inc
Michael T. Strianese,L3 TECHNOLOGIES INC,110685,19157,2007,l3 technologies
Francisco D'Souza,COGNIZANT TECH SOLUTIONS,111864,26787,2007,cognizant tech solutions
Brian A. Markison,KING PHARMACEUTICALS INC,112033,28307,2007,king pharmaceuticals
James E. O'Connor,REPUBLIC SERVICES INC,112168,22799,2007,republic services
David F. Dougherty,CONVERGYS CORP,113419,16893,2007,convergys corp
John P. Kelly,CROWN CASTLE INTL CORP,113490,42359,2007,crown castle intl
Margaret Cushing Whitman,EBAY INC,114524,5706,2007,ebay inc
Lloyd C. Blankfein,GOLDMAN SACHS GROUP INC,114628,24365,2007,goldman sachs group
Jen-Hsun Huang,NVIDIA CORP,117768,19583,2007,nvidia corp
Rodney O'Neal,APTIV PLC,118122,19028,2007,aptiv plc
Gregory T. Lucier,LIFE TECHNOLOGIES CORP,118577,34325,2007,life technologies
Jeffery H. Boyd,BOOKING HOLDINGS INC,119314,12759,2007,booking holdings
Eric J. Foss,PEPSI BOTTLING GROUP INC,119417,21139,2007,pepsi bottling group
J. Brett Harvey,CNX RESOURCES CORPORATION,120093,30189,2007,cnx resourcesoration
Susan M. Cameron,REYNOLDS AMERICAN INC,120877,27675,2007,reynolds american
John McAdam,F5 NETWORKS INC,121077,4247,2007,f5 networks
Jeffrey A. Stoops,SBA COMMUNICATIONS CORP,121382,51888,2007,sbammunications
Scott G. Kriens,JUNIPER NETWORKS INC,121718,7333,2007,juniper networks
"Ronald E. Hermance, Jr.",HUDSON CITY BANCORP INC,122015,24679,2007,hudson city bancorp
Matthew Szulik,RED HAT INC,122841,36121,2007,red hat
Laurence Douglas Fink,BLACKROCK INC,124434,27717,2007,blackrock inc
Richard L. Wambold,PACTIV CORP,125533,19115,2007,pactiv corp
Paul L. Sagan,AKAMAI TECHNOLOGIES INC,125595,18624,2007,akamai technologies
Kornelis Smit,CHARTER COMMUNICATIONS INC,126136,42456,2007,chartermmunications
Dara Khosrowshahi,EXPEDIA GROUP INC,126296,16588,2007,expedia group
William P. Sullivan,AGILENT TECHNOLOGIES INC,126554,18350,2007,agilent technologies
Paul Thomas Stecko,PACKAGING CORP OF AMERICA,128978,10724,2007,packaging of america
Michael A. Mussallem,EDWARDS LIFESCIENCES CORP,133366,12601,2007,edwards lifesciences
Carl Robert Henrikson,METLIFE INC,133768,20975,2007,metlife inc
Mary Agnes Wilderotter,FRONTIER COMMUNICATIONS CORP,135484,28242,2007,frontiermmunications
David W. Crane,NRG ENERGY INC,135990,37704,2007,nrg energy
Lonnie M. Smith,INTUITIVE SURGICAL INC,136725,1370,2007,intuitive surgical
Gary Douglas Black,JANUS CAPITAL GROUP INC,137232,27993,2007,janus capital group
Jay T. Flatley,ILLUMINA INC,138205,48495,2007,illumina inc
Stephen M. Smith,EQUINIX INC,138743,36529,2007,equinix inc
"Kevin J. Kennedy, Ph.D.",AVAYA INC,139662,25510,2009,avaya inc
"Raymond W. McDaniel, Jr.",MOODY'S CORP,139665,20106,2007,moody's corp
Lew Frankfort,TAPESTRY INC,140541,21393,2007,tapestry inc
Hugh Grant,MONSANTO CO,140760,23086,2007,monsanto co
Thomas M. Prescott,ALIGN TECHNOLOGY INC,141384,36420,2007,align technology
Donald L. Blankenship,MASSEY ENERGY CO,141400,2655,2007,massey energy
Min-Hwan Kao,GARMIN LTD,141459,43795,2007,garmin ltd
Paul R. Garcia,GLOBAL PAYMENTS INC,141913,20028,2007,global payments
Gregory H. Boyce,PEABODY ENERGY CORP,142460,27824,2007,peabody energy
Peter D. Kinnear,FMC TECHNOLOGIES INC,142811,26240,2007,fmc technologies
Irene B. Rosenfeld,MONDELEZ INTERNATIONAL INC,142953,23077,2007,mondelez international
Arthur Frederick Ryan,PRUDENTIAL FINANCIAL INC,143356,1367,2007,prudential financial
William D. Green,ACCENTURE PLC,143357,23074,2007,accenture plc
J. Michael Parks,ALLIANCE DATA SYSTEMS CORP,143974,29619,2007,alliance data systems
Dominic J. Casserley,WILLIS TOWERS WATSON PLC,144009,48512,2013,willis towers watson plc
Clayton M. Jones,ROCKWELL COLLINS,144066,17968,2007,rockwell collins
David C. Dvorak,ZIMMER BIOMET HOLDINGS INC,144559,13655,2007,zimmer biomet holdings
Angela Rose Fick Braly,ANTHEM INC,145046,32716,2007,anthem inc
R. Richard Fontaine,GAMESTOP CORP,145049,28732,2007,gamestop corp
Michael Frederic Neidorff,CENTENE CORP,145552,34400,2007,centene corp
John Barry Griswell,PRINCIPAL FINANCIAL GRP INC,145701,25293,2007,principal financial grp
John C. Brouillard,ADVANCE AUTO PARTS INC,145977,32731,2007,advance auto parts
Vernon J. Nagel,ACUITY BRANDS INC,146017,11057,2007,acuity brands
Martin L. Orlowsky,LORILLARD INC,147175,34236,2007,lorillard inc
"Wilmot Reed Hastings, Jr.",NETFLIX INC,147579,31461,2007,netflix inc
Walter Nicholas Howley,TRANSDIGM GROUP INC,148349,49893,2007,transdigm group
Craig Steven Donohue,CME GROUP INC,149070,27722,2007,cme group
Stephen A. Wynn,WYNN RESORTS LTD,149318,643,2007,wynn resorts
Robert Greifeld,NASDAQ INC,149337,21017,2007,nasdaq inc
Jeffrey M. Peek,CIT GROUP INC,149738,16244,2007,cit group
F. H. Merelli,CIMAREX ENERGY CO,150699,21484,2007,cimarex energy
William D. Watkins,SEAGATE TECHNOLOGY PLC,150937,15840,2007,seagate technology plc
Charles B. Stanley,QEP RESOURCES INC,154357,24878,2007,qep resources
Joseph M. Holsten,LKQ CORP,155394,12579,2007,lkq corp
Robert Brian Pollock,ASSURANT INC,157057,31140,2007,assurant inc
Marc R. Benioff,SALESFORCE.COM INC,157855,35712,2007,salesforce.com
Michael Desmond Fraizer,GENWORTH FINANCIAL INC,158354,29595,2007,genworth financial
Richard Mitchell McVey,MARKETAXESS HOLDINGS INC,158742,43625,2007,marketaxess holdings
Robert W. Selander,MASTERCARD INC,160225,34061,2007,mastercard inc
Christopher B. Begley,HOSPIRA INC,160255,23052,2007,hospira inc
Roger D. Linquist,METROPCS COMMUNICATIONS INC,160256,36123,2007,metropcs communications
Eric E. Schmidt,ALPHABET INC,160329,14164,2007,alphabet inc
Kenneth M. Woolley,EXTRA SPACE STORAGE INC,160479,33031,2007,extra space storage
Arthur William Stein,DIGITAL REALTY TRUST INC,160991,49787,2007,digital realty trust
James T. Prokopanko,MOSAIC CO,162129,42304,2007,mosaic co
David N. Weidman,CELANESE CORP,162254,55721,2007,celanese corp
Michael J. Quillen,ALPHA NATURAL RESOURCES INC,162448,9560,2007,alpha natural resources
Scott C. Key,IHS MARKIT LTD,162906,51672,2009,ihs markit
Jeffrey C. Sprecher,INTERCONTINENTAL EXCHANGE,163610,33111,2007,intercontinental exchange
Stephen R. Wilson,CF INDUSTRIES HOLDINGS INC,163946,32904,2007,cf industries holdings
"John C. Malone, Ph.D.",DISCOVERY INC,164296,921,2007,discovery inc
James M. Cracchiolo,AMERIPRISE FINANCIAL INC,164708,20871,2007,ameriprise financial
Kevin A. Plank,UNDER ARMOUR INC,165052,34354,2007,under armour
Kenneth C. Dahlberg,LEIDOS HOLDINGS INC,165123,23127,2007,leidos holdings
Philippe P. Dauman,VIACOM INC,165675,6035,2007,viacom inc
M. Steven Ells,CHIPOTLE MEXICAN GRILL INC,165914,34304,2007,chipotle mexican grill
Lee A. Kennedy,FIDELITY NATIONAL INFO SVCS,165993,14525,2007,fidelity national info svcs
John Alexander Thain,NYSE EURONEXT,166451,18341,2007,nyse euronext
Mark Elliot Zuckerberg,FACEBOOK INC,170617,45313,2011,facebook inc
Travis D. Stice,DIAMONDBACK ENERGY INC,170750,55737,2011,diamondback energy
Greg C. Garland,PHILLIPS 66,170841,41249,2012,phillips 66
Richard A. Smith,REALOGY HOLDINGS CORP,174022,52987,2009,realogy holdings
Daniel R. Hesse,EMBARQ CORP,174130,29161,2007,embarq corp
Jeffery R. Gardner,WINDSTREAM HOLDINGS INC,174490,27472,2007,windstream holdings
Stephen P. Holmes,WYNDHAM DESTINATIONS INC,174729,7654,2007,wyndham destinations
Christina Albehdina Gold,WESTERN UNION CO,175263,5947,2007,western union
Richard A. Noll,HANESBRANDS INC,175319,27203,2007,hanesbrands inc
Michael J. Ahearn,FIRST SOLAR INC,175404,36549,2007,first solar
Valentin P. Gapontsev,IPG PHOTONICS CORP,175955,46801,2007,ipg photonics
Fred J. Fowler,SPECTRA ENERGY CORP,176282,12582,2007,spectra energy
Glenn Alan Britt,TIME WARNER CABLE INC,176404,35664,2007,time warner cable
Richard J. Daly,BROADRIDGE FINANCIAL SOLUTNS,176928,15963,2007,broadridge financial solutns
Richard J. Meelia,COVIDIEN PLC,177264,12153,2007,covidien plc
Thomas J. Lynch,TE CONNECTIVITY LTD,177267,24546,2007,te connectivity
David W. Nelms,DISCOVER FINANCIAL SVCS,177376,34228,2007,discover financial svcs
Timothy A. Leach,CONCHO RESOURCES INC,177884,11544,2007,concho resources
Michael F. Koehler,TERADATA CORP,178310,25949,2007,teradata corp
Henry A. Fernandez,MSCI INC,178507,37930,2007,msci inc
Lyn Kirby,ULTA BEAUTY INC,178704,49560,2007,ulta beauty
"Donald L. Correll, CPA, CPA",AMERICAN WATER WORKS CO INC,179437,12905,2007,american water works
Joseph W. Saunders,VISA INC,179534,2502,2007,visa inc
"Louis C. Camilleri, BA",PHILIP MORRIS INTERNATIONAL,179621,14417,2007,philip morris international
Gilbert M. Cassagne,DR PEPPER SNAPPLE GROUP INC,179700,34815,2007,dr pepper snapple group
Kenneth W. Lowe,SCRIPPS NETWORKS INTERACTIVE,180167,21126,2007,scripps networks interactive
Robert A. Kotick,ACTIVISION BLIZZARD INC,180405,22978,2008,activision blizzard
Frank J. Coyne,VERISK ANALYTICS INC,180652,48323,2007,verisk analytics
Hock E. Tan,BROADCOM INC,180711,10075,2007,broadcom inc
Stephen W. Golsby,MEAD JOHNSON NUTRITION CO,180833,37954,2007,mead johnson nutrition
"David L. Schlotterbeck, B.S., M.S.",CAREFUSION CORP,183257,4074,2008,carefusion corp
Ken Xie,FORTINET INC,183377,45673,2008,fortinet inc
William J. Brodsky,CBOE GLOBAL MARKETS INC,184500,42379,2007,cboe global markets
Ronald F. Clarke,FLEETCOR TECHNOLOGIES INC,184700,55636,2009,fleetcor technologies
"Sanjay K. Jha, Ph.D., B.E.",MOTOROLA MOBILITY HLDGS INC,186106,25842,2008,motorola mobility hldgs
C. Michael Petters,HUNTINGTON INGALLS IND INC,186310,19390,2008,huntington ingalls ind
Gary R. Heminger,MARATHON PETROLEUM CORP,186989,29019,2008,marathon petroleum
Ralph A. Hill,WPX ENERGY INC,187128,29765,2008,wpx energy
Christopher J. Klein,FORTUNE BRANDS HOME & SECUR,188255,25978,2008,fortune brands home & secur
Gretchen W. McClain,XYLEM INC,189491,32646,2008,xylem inc
John D. Idol,CAPRI HOLDINGS LTD,198058,45334,2011,capri holdings
Stephen Kaufer,TRIPADVISOR INC,199356,43350,2011,tripadvisor
W. Brett White,CBRE GROUP INC,260774,30552,2007,cbre group
Todd Suhayl Farha,WELLCARE HEALTH PLANS INC,260778,31719,2007,wellcare health plans
James L. Gallogly,LYONDELLBASELL INDUSTRIES NV,294524,31023,2009,lyondellbasell industries nv
David D. Petratis,ALLEGION PLC,316056,34850,2013,allegion plc
Beth A. Wozniak,NVENT ELECTRIC PLC,326688,49088,2016,nvent electric plc
